Angle,Kanal B
95.0,76.72243
100.0,73.27448
105.0,72.41019
110.0,70.68774
115.0,71.54897
120.0,69.82652
125.0,69.82652
130.0,68.96223
135.0,68.96223
140.0,68.10101
150.0,67.23978
160.0,67.23978
170.0,66.37857
180.0,66.37857
190.0,66.37857
200.0,66.37857
210.0,66.37857
220.0,66.37857
230.0,66.37857
250.0,66.37857
